annealing_factor,learning_rate,loss/train,loss_feature/train,loss_target/train,step
1.0,0.0009999999310821295,1.442325234413147,1.442325234413147,1.1702299118041992,0.0
1.0,0.0009999999310821295,1.3450874090194702,1.3450874090194702,1.187113881111145,1.0
0.9999998211860657,0.0009999998146668077,1.308842420578003,1.308842420578003,1.193766713142395,2.0
0.9999997615814209,0.000999999581836164,1.27314031124115,1.2731404304504395,1.1947765350341797,3.0
0.9999995231628418,0.0009999993490055203,1.2405474185943604,1.2405474185943604,1.1927497386932373,4.0
0.9999994039535522,0.0009999991161748767,1.224642038345337,1.224642038345337,1.2229598760604858,5.0
